B (T),Produced,Proton,Neutron,Pi+,Pi-,Kaon+,Kaon-,K-zero,AK-zero,Lambda,Sigma-,Sigma+
0,141201,0.943414,0.0147166,0.0294757,0.00594188,0.000771949,8.49852e-05,0.00215296,0.000531158,0.0006728,7.0821e-05,0.00215296
3,150407,0.94336,0.0147865,0.0293537,0.00590398,0.000784538,6.64863e-05,0.00230707,0.00053189,0.000691457,5.98376e-05,0.00214086
4,150309,0.943031,0.0150823,0.0290535,0.00623382,0.000864885,9.31415e-05,0.00225535,0.00047236,0.00065199,7.98355e-05,0.00216221
5,149837,0.942511,0.015023,0.0297657,0.00609996,0.000974392,6.00653e-05,0.00231585,0.000467174,0.00068074,4.67174e-05,0.00204889
6,150166,0.943642,0.0148369,0.0286816,0.00613987,0.000972257,7.32523e-05,0.00214429,0.000452832,0.000765819,4.66151e-05,0.00223752
7,150794,0.942763,0.0144833,0.0299813,0.0061143,0.000961577,0.000126,0.00208894,0.000490736,0.000683051,7.29472e-05,0.00220831
8,150271,0.942491,0.0150129,0.0300657,0.006089,0.000944959,3.99279e-05,0.00199639,0.000485789,0.000692083,7.98557e-05,0.00210287
9,150745,0.941816,0.0148993,0.0302166,0.0062357,0.00103486,5.97035e-05,0.00214269,0.000510796,0.000769511,5.30698e-05,0.00224883
10,150069,0.94192,0.0146533,0.0301595,0.00621048,0.00119945,5.99724e-05,0.00230561,0.000519761,0.000693015,4.66452e-05,0.00222564
